Progressive Caucus,New Democratic Coalition,Freedom Caucus,Republican Governance Group,Republican Study Committee,Problem Solvers Caucus
Pramila Jayapal,Suzan DelBene, Andy Biggs ,Adam Kinzinger ,Alex Mooney ,Abigail Spanberger 
Katie Porter,Ami Bera, Dan Bishop ,Andrew Garbarino ,Andrew Clyde ,Andrew Garbarino 
Ilhan Omar,Sharice Davids, Lauren Boebert ,Beth Van Duyne ,Andy Barr ,Anthony Gonzalez 
Raul Grijalva,Ann McLane Kuster, Mo Brooks ,Bill Johnson ,Ann Wagner ,Ben Cline 
Barbara Lee,Scott Peters, Ken Bucks ,Blake Moore ,Ashley Hinson ,Bill Johnson 
Mark Pocan,Stacey Plaskeett, Ted Budd ,Brian Fitzpatrick ,August Pfluger ,Brad Schneider 
Jamie Raskin,Chrissy Houlahan, Ben Cline ,Bryan Steil ,Austin Scott ,Brian Fitzpatrick 
Joe Neguse,Terri Sewell, Michael Cloud ,Carloes A. Gimenez,Barry Loudermilk ,Bryan Steil 
Marie Newman,Ann Kirkpatrick, Andrew Clyde ,Carlos A. Giménez ,Barry Moore ,Carolyn Bordeaux 
Sheila Jackson Lee,Tom O'Halleran, Madison Cawthorn ,Cathy McMorris Rodgers ,Ben Cline ,Chris Smith 
Donald Norcross,Greg Stanton, Warren Davidson,Chris Jacobs ,Beth Van Duyne ,Chrissy Houlahan 
Rashida Tlaib,Pete Aguilar, Scott DesJarlais ,Chris Smith ,Bill Huizenga ,Conor Lamb 
David Cicilline,Julia Brownley, Byron Donalds ,Cliff Bentz ,Bill Johnson ,Daniel Meuser 
Jesus Garcia,Salud Carbajal, Jeff Duncan ,Dave Joyce ,Bill Posey ,Darren Soto 
Bonnie Watson Coleman,Tony Cardenas, Russ Fulcher ,David McKinley ,Blaine Luetkemeyer ,David Joyce 
Cori Bush,Lou Correa, Louie Gohmert ,David Valadao,Blake Moore ,Dean Phillips 
Debbie Dingell,Jim Costa, Bob Good ,Don Bacon ,Bob Gibbs ,Debbie Dingell 
Veronica Escobar,Josh Harder, Paul Gosar ,Elise Stefanik ,Bob Good ,Don Bacon 
Mondaire Jones,Sara Jacobs, Mark Green ,Fred Upton ,Bob Latta ,Dusty Johnson 
Ro Khanna,Jimmy Panetta, Morgan Griffith ,Glenn Thompson ,Brad Wenstrup ,Elaine Luria 
Lloyd Doggett,Paul Ruiz, Andy Harris ,Jaime Herrera Beutler ,Brett Guthrie ,Elissa Slotkin 
Andy Levin,Adam Schiff, Diana Harshbarger ,Jay Obernolte,Brian Babin ,Fred Upton 
Mark Takano,Norma Torres, Yvette Herrell ,Jeff Van Drew ,Brian Mast ,Haley Stevens 
Adriano Espaillat,Juan Vargas, Jody Hice ,Jenniffer González ,Bruce Westerman ,Jaime Herrera Beutler 
Jamaal Bowman,Jason Crow, Clay Higgins ,John Curtis ,Bryan Steil ,Jared Golden 
Teresa Leger Fernandez,Ed Perlmutter, Jim Jordan ,John Katko ,Buddy Carter ,Jenniffer Gonzalez-Colon 
Bernie Sanders,Jim Hines, Debbie Lesko ,Kelly Armstrong ,Burgess Owens ,Jim Costa 
Jan Schakowsky,Lisa Blunt Rochester, Mary Miller ,María Elvira Salazar ,Byron Donalds ,Jimmy Panetta 
Alma Adams,Charlie Christ, Alex Mooney ,Mariannette Miller-Meeks ,Carlos Gimenez ,John Curtis 
Nanette Barragan,Val Demings, Barry Moore ,Mario Díaz-Balart ,Cathy McMorris Rodgers ,John Katko 
Karen Bass,Al Lawson, Ralph Norman ,Mario Diaz-Belart,Chip Roy ,Josh Harder 
Eddie Bernice Johnson,Stephanie Murphy, Gary Palmer ,Mark Amodei ,Chris Jacobs ,Kurt Schrader 
Don Beyer,Darren Soto, Bill Posey ,Michael C. Burgess ,Chris Stewart ,Lloyd Smucker 
Earl Blumenauer,Debbie Wasserman Schultz, Matt Rosendale ,Michelle Steel,Chuck Fleischmann ,Lou Correa 
Lisa Blunt Rochester,Carolyn Bourdeaux, Chip Roy,Mike Bost ,Claudia Tenney ,Mark Amodei 
Suzanne Bonamici,Lucy McBath, David Schweikert ,Mike Gallagher ,Clay Higgins ,Michael Bost 
Brendan Boyle,David Scott, Greg Steube,Mike McCaul ,Cliff Bentz ,Michael Gallagher 
Andre Carson,Nikema Williams, Tom Tiffany ,Mike Turner ,Dan Bishop ,Pete Stauber 
Matt Cartwright,Ed Case, Randy Weber ,Nancy Mace ,Dan Crenshaw ,Peter Meijer 
Judy Chu,Cheri Bustos,,Nicole Malliotakis ,Dan Meuser ,Salud Carbajal 
Katherine Clark,Sean Casten,,Pete Stauber ,Dan Newhouse ,Scott Peters 
Yvette Clarke,Bill Foster,,Peter Meijer ,Daniel Webster ,Stephanie Murphy 
Steve Cohen,Raja Krishnamoorthi,,Rodney Davis ,Darin LaHood ,Steven Horsford 
Madeleine Dean,Mike Quigley,,Steve Womack,Darrell Issa ,Susie Lee 
Peter DeFazio,Brad Schneider,,Tom Rice ,David Kustoff ,Thomas Suozzi 
Diana DeGette,Andre Carson,,Troy Balderson ,David McKinley ,Tom Malinowski 
Rosa DeLauro,Frank Mrvan,,Young Kim,David Rouzer ,Tom O'Halleran 
Mark DeSaulnier,Cindy Axne,,,David Schweikert ,Tom Rice 
Dwight Evans,Troy Carter,,,Debbie Lesko ,Tony Gonzales 
Lois Frankel,Anthony Brown,,,Diana Harshbarger ,Van Taylor 
Ruben Gallego,David Trone,,,Don Bacon ,Vicente Gonzalez 
Sylvia Garcia,Bill Keating,,,Doug LaMalfa ,Young Kim 
Jimmy Gomez,Seth Moulton,,,Doug Lamborn ,
Eleanor Holmes Norton,Lori Trahan,,,Drew Ferguson ,
Steven Horsford,Brenda Lawrence,,,Dusty Johnson ,
Jared Huffman,Elissa Slotkin,,,Elise Stefanik ,
Hakeem Jeffries,Haley Stevens,,,Fred Keller ,
Hank Johnson,Angie Craig,,,French Hill ,
Kai Kahele,Dean Phillips,,,Garret Graves ,
Dan Kildee,Steven Horsford,,,Gary Palmer ,
Andy Kim,Susie Lee,,,Glenn Grothman ,
Brenda Lawrence,Chris Pappas,,,Greg Murphy ,
Mike Levin,Josh Gottheimer,,,Greg Steube ,
Ted Lieu,Tom Malinowski,,,Gus Bilirakis ,
Zoe Lofgren,Donald Norcross,,,Guy Reschenthaler ,
Alan Lowenthal,Mikie Sherrill,,,Jack Bergman ,
Carolyn Maloney,Sean Patrick Maloney,,,Jackie Walorski ,
James McGovern,Gregory Meeks,,,Jake LaTurner ,
Grace Meng,Joe Morelle,,,James Comer ,
Gwen Moore,Kathleen Rice,,,Jason T. Smith ,
Joe Morelle,Tom Suozzi,,,Jay Obernolte ,
Jerrold Nadler,Kathy Manning,,,Jeff Duncan ,
Grace Napolitano,Deborah Ross,,,Jerry Carl ,
Alexandria Ocasio-Cortez,Shontel Brown,,,Jim Baird ,
Frank Pallone,Kurt Schrader,,,Jim Banks ,
Jimmy Panetta,Brendan Boyle,,,Jodey Arrington ,
Chellie Pingree,Madeleine Dean,,,Jody Hice ,
Ayanna Pressley,Chrissy Houlahan,,,Joe Wilson ,
Linda Sanchez,Susan Wild,,,John Carter ,
Mary Gay Scanlon,Jim Cooper,,,John Curtis ,
Brad Sherman,Colin Allred,,,John Joyce ,
Adam Smith,Joaquin Castro,,,John Moolenaar ,
Darren Soto,Henry Cuellar,,,John Rose ,
Ritchie Torres,Veronica Escobar,,,Julia Letlow ,
Lori Trahan,Lizzie Fletcher,,,Kat Cammack ,
Juan Vargas,Vincinte Gonzalez,,,Kay Granger ,
Nydia Velazquez,Marc Veasey,,,Kelly Armstrong ,
Maxine Waters,Don Beyer,,,Ken Buck ,
Peter Welch,Gerry Connolly,,,Kevin Brady ,
Nikema Williams,Elaine Luria,,,Kevin Hern ,
Frederica Wilson,A. Donald McEachin,,,Lance Gooden ,
John Yarmuth,Abigail Spanberger,,,Larry Bucshon ,
,Jennifer Wexton,,,Lauren Boebert ,
,Derek Kilmer,,,Lisa McClain ,
,Rick Larsen,,,Lloyd Smucker ,
,Kim Schrier,,,Madison Cawthorn ,
,Adam Smith,,,Marjorie Taylor Greene ,
,Marilyn Strickland,,,Mark Green ,
,,,,Markwayne Mullin ,
,,,,Mary Miller ,
,,,,Matt Rosendale ,
,,,,Michael C. Burgess ,
,,,,Michael Cloud ,
,,,,Michael McCaul ,
,,,,Michael Waltz ,
,,,,Michelle Fischbach ,
,,,,Mike Bost ,
,,,,Mike Carey ,
,,,,Mike Gallagher ,
,,,,Mike Garcia ,
,,,,Mike Johnson ,
,,,,Mike Kelly ,
,,,,Mike Rogers ,
,,,,Mike Turner ,
,,,,Neal Dunn ,
,,,,Nicole Malliotakis ,
,,,,Pat Fallon ,
,,,,Patrick T. McHenry ,
,,,,Paul Gosar ,
,,,,Pete Stauber ,
,,,,Ralph Norman,
,,,,Randy Feenstra ,
,,,,Randy Weber ,
,,,,Richard Hudson ,
,,,,Rick Allen ,
,,,,Rob Wittman ,
,,,,Robert Aderholt ,
,,,,Roger Williams ,
,,,,Ron Estes ,
,,,,Ronny Jackson ,
,,,,Russ Fulcher ,
,,,,Scott DesJarlais ,
,,,,Scott Franklin ,
,,,,Scott L. Fitzgerald ,
,,,,Steve Chabot ,
,,,,Steve Scalise ,
,,,,Steven Palazzo ,
,,,,Ted Budd ,
,,,,Tim Burchett ,
,,,,Tim Walberg ,
,,,,Tom Cole ,
,,,,Tom Emmer ,
,,,,Tom McClintock ,
,,,,Tom Reed ,
,,,,Tom Rice ,
,,,,Tom Tiffany ,
,,,,Tony Gonzales ,
,,,,Tracey Mann ,
,,,,Trent Kelly ,
,,,,Troy Balderson ,
,,,,Troy Nehls ,
,,,,Van Taylor ,
,,,,Vern Buchanan ,
,,,,Vicky Hartzler ,
,,,,Victoria Spartz ,
,,,,Virginia Foxx ,
,,,,Warren Davidson ,
,,,,William Timmons ,
,,,,Yvette Herrell ,